<?xml version="1.0" encoding="UTF-8"?>
<beans xmlns="http://www.springframework.org/schema/beans"
	xmlns:xsi="http://www.w3.org/2001/XMLSchema-instance"
	xsi:schemaLocation="http://www.springframework.org/schema/beans http://www.springframework.org/schema/beans/spring-beans.xsd">

	
	<bean class="com.cg.lab12.Employee" id="emp">
		<property  name="employeeAge" value="40" />
		<property  name="employeeId" value="12345"/>
		<property  name="employeeName" value="Harriet"/>
		<property  name="Salary" value="40000.0"/>
		<property  name="businessUnit" ref="sbu"/>

	</bean>
	
	<bean class="com.cg.lab12.Sbu" id="sbu">
		<property  name="sbuCode" value="789" />
		<property  name="sbuHead" value="Kiran Rao"/>
		<property  name="sbuName" value="Product Engineering Services"/>
	</bean>
</beans>