<?xml version="1.0" encoding="UTF-8"?>
<beans xmlns="http://www.springframework.org/schema/beans"
	xmlns:xsi="http://www.w3.org/2001/XMLSchema-instance"
	xsi:schemaLocation="http://www.springframework.org/schema/beans http://www.springframework.org/schema/beans/spring-beans.xsd">

	<bean class="com.cg.lab13.Employee" id="emp1">
		<property name="employeeId" value="12345"></property>

		<property name="employeeName" value="Harriet"></property>
		<property name="Salary" value="4000.0"></property>
	</bean>

	<bean class="com.cg.lab13.Sbu" id="emp">
		<property name="sbuCode" value="PES-BU"></property>
		<property name="sbuName" value="Product Engineering services "></property>
		<property name="sbuHead" value="Kiran rao"></property>
		<property name="emplist">
		<list>
				<ref bean="emp1" />
				<ref bean="emp2"/>
			</list>
		</property>

	</bean>
	<bean class="com.cg.lab13.Employee" id="emp2">
	<property name="employeeId" value="12345"></property>
	<property name="employeeName" value="Harriet"></property>
	<property name="salary" value="4000.0"></property>
	
	</bean>


</beans>