<?xml version="1.0" encoding="UTF-8"?>
<beans xmlns="http://www.springframework.org/schema/beans"
	xmlns:xsi="http://www.w3.org/2001/XMLSchema-instance"
	xsi:schemaLocation="http://www.springframework.org/schema/beans http://www.springframework.org/schema/beans/spring-beans.xsd">


<bean class ="com.cg.lab14.Employee" id="emp">
<property name="employeeId" value="100"></property>
<property name="employeeName" value="Rama"></property>
<property name="salary" value="12345.66"></property>
</bean>



</beans>